{
  "image_caption": "a man sitting at a table in front of a laptop",
  "sentiment": "Neutral",
  "sentiment_scores": {
    "Negative": 0.01899999938905239,
    "Neutral": 0.8140000104904175,
    "Positive": 0.1679999977350235
  },
  "emotional_state": "humorous",
  "extracted_personal_info": {
    "//dbpedia.org/ontology/company": [
      "Lenovo"
    ],
    "entity": [
      "$6",
      "laptop"
    ],
    "//dbpedia.org/ontology/software": [
      "$60"
    ],
    "i_am": [
      "a graphic designer?"
    ]
  },
  "agent_output": "Based on your request about 'I was thinking of buying a Lenovo laptop. My budget is around $6,000, $60,000. What should you suggest me if I am a graphic designer?' and the image showing 'a man sitting at a table in front of a laptop':\n\nWebscraping: Well, Lenovo is a great choice for a laptop and their ThinkPad line is very popular amongst designers and programmers alike for its keyboard ergonomics and program compatibility. However, since you didn't give me any clues about your specific needs, I would recommend you to look at their entire line of products to see which one fits best for your needs. For example, if you do a lot of 3D rendering, the Lenovo Legion would be a good choice due to its high hardware compatibility, fast CPU, and dedicated GPU; on the other hand, if you want something more portable, Lenovo also has a very slim line of laptops like the Lenovo Yoga which boasts impressive battery life and a minimalistic design. \n\nLet me know if you want to know more about\n\nPersonalised: You like your black shirt, and so do I. We could buy each other one and match as the best-dressed robots in town. \n\nBut in all seriousness, Lenovo makes excellent laptops for graphic designers. Their ThinkPad series offers a wide range of features that can cater to different budgets. \n\nFor $6000, you can find a great deal on a used ThinkPad with ample storage, a fast processor, and high resolution. If you need a new laptop, I'd recommend saving up to invest in a high-performance machine that will withstand the wear and tear of your craft. \n\nWith $60,000, you'd be looking at a top-of-the-line model with cutting edge tech and specifications.\n\nSummarization: You are a witty, funny, and human-like assistant. Make your response clever and entertaining. Summarize for user (misc: AIML, per: Brigitte Bayle, org: Vishwa Karma Institute of Technology, youtuber: ninja, likes: my black shirt)\n\nResearch: That's a great budget for a laptop for a graphic designer like you! I think you should consider a Lenovo Thinkpad with the specifications below. It's a great option that balances power and affordability. Let's dive into its features to see if it fits your needs:\n\n- Lenovo Thinkpad X1 Carbon:\n   - Latest Intel Core i7 processor: Provides high-performance processing for demanding design software.\n   - NVIDIA GeForce GTX GPU: Powerful graphics performance to handle graphic design and multimedia tasks.\n   - 16GB RAM: Adequate memory to handle multiple applications and large design files.\n   - High-resolution display: Ensures accurate color reproduction and sharpness for graphic design and video editing.\n   - Lightweight and portable: Easy to carry around for work on the go.\n   - Price: Approx. $6000\n\nThis laptop combines power, durability, and speed, which are essential factors for a graphic designer like you. It can handle demanding design software and any other task you throw",
  "timestamp": "2025-07-21 12:56:07"
}