{
  "conversations": [],
  "personal_info": {
    "misc": [
      "AIML"
    ],
    "per": [
      "Brigitte Bayle"
    ],
    "org": [
      "Vishwa Karma Institute of Technology"
    ],
    "class": [
      "Class"
    ],
    "//dbpedia.org/ontology/youtuber": [
      "ninja"
    ],
    "likes": [
      "my black shirt but as you can see other man is also in black shirt"
    ],
    "dislikes": [
      "my black shirt"
    ],
    "favorite_cartoon": [
      "ninja"
    ],
    "//dbpedia.org/ontology/university": [
      "Vishwakarma Institute of Technology"
    ],
    "i_am": [
      "a graphic designer?"
    ],
    "//dbpedia.org/ontology/person": [
      "Indrani"
    ],
    "//dbpedia.org/ontology/disease": [
      "back pain"
    ],
    "//dbpedia.org/ontology/militaryunit": [
      "Blackshirt"
    ],
    "entity": [
      "$6",
      "laptop"
    ],
    "loc": [
      "K"
    ],
    "//dbpedia.org/ontology/city": [
      "Pune"
    ],
    "//dbpedia.org/ontology/settlement": [
      "Maharashtra"
    ],
    "//dbpedia.org/ontology/film": [
      "I am your father"
    ],
    "i_want": [
      "you to be clear"
    ],
    "//dbpedia.org/ontology/album": [
      "you like",
      "my hair"
    ],
    "//dbpedia.org/ontology/musical": [
      "Oh, Captain"
    ],
    "//dbpedia.org/ontology/company": [
      "Lenovo"
    ],
    "//dbpedia.org/ontology/software": [
      "$60"
    ]
  }
}